Value1,Result
137,11.70469991
131,11.44552314
103,10.14889157
145,12.04159458
26,5.099019514
186,13.6381817
10,3.16227766
80,8.94427191
9,3
233,15.26433752
1,1
46,6.782329983
70,8.366600265
29,5.385164807
16,4
82,9.055385138
122,11.04536102
237,15.39480432
129,11.35781669
7,2.645751311
99,9.949874371
13,3.605551275
16,4
